{"name":"00af361a-c8be-45c4-b3ad-6375e1eb10ad","id":"/providers/Microsoft.Flow/flows/00af361a-c8be-45c4-b3ad-6375e1eb10ad","type":"Microsoft.Flow/flows","properties":{"apiId":"/providers/Microsoft.PowerApps/apis/shared_logicflows","displayName":"Atmosphere - Atualiza BI","definition":{"metadata":{"workflowEntityId":null,"processAdvisorMetadata":null,"flowclientsuspensionreason":"None","flowclientsuspensiontime":null,"flowclientsuspensionreasondetails":null,"creator":{"id":"8515bf5e-6882-45ab-bce0-1c2bf2d7c923","type":"User","tenantId":"ff9c7474-421d-4957-8d47-c4b64dec87b5"},"provisioningMethod":"FromDefinition","failureAlertSubscription":true,"clientLastModifiedTime":"2023-02-20T10:27:58.7543337Z"},"$schema":"https://schema.management.azure.com/providers/Microsoft.Logic/schemas/2016-06-01/workflowdefinition.json#","contentVersion":"1.0.0.0","parameters":{"$connections":{"defaultValue":{},"type":"Object"},"$authentication":{"defaultValue":{},"type":"SecureObject"}},"triggers":{"manual":{"metadata":{"operationMetadataId":"b7972136-7a93-4109-aa51-4f61f435081c"},"type":"Request","kind":"PowerApp","inputs":{"schema":{"type":"object","properties":{},"required":[]}}}},"actions":{"Atualizar_um_conjunto_de_dados":{"runAfter":{},"metadata":{"operationMetadataId":"51e86987-eaec-4d8c-995a-ac26b88e4bfd"},"type":"OpenApiConnection","inputs":{"host":{"apiId":"/providers/Microsoft.PowerApps/apis/shared_powerbi","connectionName":"shared_powerbi","operationId":"RefreshDataset"},"parameters":{"groupid":"e82340a2-b575-4b56-a816-8759ef30e8f6","datasetid":"779552a7-1169-48a1-9de0-9dbfc2124c4e"},"authentication":{"value":"@json(decodeBase64(triggerOutputs().headers['X-MS-APIM-Tokens']))['$ConnectionKey']","type":"Raw"}}}},"outputs":{},"description":"Crie uma ou mais ações para acontecerem quando um botão ou link no Power Apps estiver selecionado. Para usar esse fluxo de um Power App, selecione o controle para o qual você deseja disparar o fluxo e vá até a guia Ação na faixa de opções do Power Apps e selecione Flows."},"connectionReferences":{"shared_powerbi":{"connectionName":"shared-powerbi-bf0cfc69-9253-469d-a7b7-1d47-be788c85","source":"Invoker","id":"/providers/Microsoft.PowerApps/apis/shared_powerbi","tier":"NotSpecified"}},"flowFailureAlertSubscribed":false,"isManaged":false}}