{"schemaVersion":"1.0","appDefinitionTemplate":{"id":"/providers/Microsoft.PowerApps/apps/","type":"Microsoft.PowerApps/apps","tags":{"primaryDeviceWidth":"1366","primaryDeviceHeight":"768","sienaVersion":"20230410T113540Z-3.23034.13.0","deviceCapabilities":"","supportsPortrait":"true","supportsLandscape":"true","primaryFormFactor":"Tablet","publisherVersion":"3.23034.13","minimumRequiredApiVersion":"2.2.0","hasComponent":"false","hasUnlockedComponent":"false","isUnifiedRootApp":"false"},"properties":{"appVersion":"2023-04-10T11:35:40Z","lifeCycleId":"Published","createdByClientVersion":{"major":3,"minor":23034,"build":13,"revision":0,"majorRevision":0,"minorRevision":0},"minClientVersion":{"major":3,"minor":23034,"build":13,"revision":0,"majorRevision":0,"minorRevision":0},"backgroundColor":"rgba(255, 255, 255, 1)","backgroundImageUri":"/8780819257413225251/Ndd87138d-6c06-48cd-90a6-e98887449360-logoSmallFile","displayName":"Apex_Atmosphere","description":"","commitMessage":"","appUris":{"documentUri":{"value":"/8780819257413225251/N281713f7-74b0-489b-aa74-a1cf889689f9-document.msapp"},"imageUris":[],"additionalUris":[]},"createdTime":"0001-01-01T00:00:00Z","lastModifiedTime":"0001-01-01T00:00:00Z","sharedGroupsCount":0,"sharedUsersCount":0,"connectionReferences":{"4daf54d2-0dc6-4388-b301-b108a5d82283":{"id":"493dc677-5fce-46d1-955c-93dd1cfa605d","displayName":"Fluxos lógicos","iconUri":"https://connectoricons-prod.azureedge.net/releases/v1.0.1615/1.0.1615.3163/logicflows/icon.png","dataSources":["BotãoPowerApps"],"dependencies":["a5b7c135-9f0f-4f5a-9435-fb952d5ce14b"],"dependents":[],"parameterHints":{"workflowName":{"value":"b3b1a192-3186-49c2-b18b-cc9e71596844"},"workflowEntityId":{},"a5b7c135-9f0f-4f5a-9435-fb952d5ce14b":{"value":"shared_powerbi"}},"parameterHintsV2":{"shared_powerbi":{"value":"a5b7c135-9f0f-4f5a-9435-fb952d5ce14b"}},"isOnPremiseConnection":false,"bypassConsent":false,"dataSets":{},"apiTier":"Standard","isCustomApiConnection":false,"actions":["Run"],"nestedActions":[{"id":"/providers/Microsoft.PowerApps/apis/shared_powerbi/apiOperations/RefreshDataset","apiName":"Power BI","actionName":"RefreshDataset","referencedResources":[]}]},"a5b7c135-9f0f-4f5a-9435-fb952d5ce14b":{"id":"9790d829-3063-4447-9adc-8833f1ca05ff","displayName":"Power BI","iconUri":"https://connectoricons-prod.azureedge.net/releases/v1.0.1596/1.0.1596.2995/powerbi/icon.png","dataSources":[],"dependencies":[],"dependents":["4daf54d2-0dc6-4388-b301-b108a5d82283"],"parameterHints":{},"parameterHintsV2":{},"isOnPremiseConnection":false,"bypassConsent":false,"dataSets":{},"apiTier":"Standard","isCustomApiConnection":false},"f1028a13-aa18-49fc-9694-1a759493dabe":{"id":"255956d4-f3ce-488a-9832-9fa37cc5e2d3","displayName":"SharePoint","iconUri":"https://connectoricons-prod.azureedge.net/releases/v1.0.1627/1.0.1627.3238/sharepointonline/icon.png","dataSources":["BaseNews","BaseFornec","BasePower","BaseIdeias","BaseIdeiasInput","BasePowerInput","BaseProjetos","BaseListaProjetos","BaseListaPhases","BaseListaPhase"],"dependencies":[],"dependents":[],"parameterHints":{},"parameterHintsV2":{},"isOnPremiseConnection":false,"bypassConsent":false,"dataSets":{"https://bat.sharepoint.com/sites/ApexAtmosphere2":{"dataSources":{"BaseNews":{"tableName":"19be6762-19f9-4beb-9961-de10dd875af6"},"BaseFornec":{"tableName":"df670bf1-3abb-4d25-8f96-fa1659f70956"},"BasePower":{"tableName":"dc1e0805-d607-4002-b08d-a50dad78a1f6"},"BaseIdeias":{"tableName":"02b730a9-dc49-4057-a9c3-cc97a55bab9e"},"BaseIdeiasInput":{"tableName":"c5628cf3-4c84-407a-af46-63ba82263c1b"},"BasePowerInput":{"tableName":"f830b73c-938c-4a0c-91e5-4bfb299f1ab2"},"BaseProjetos":{"tableName":"183cb2d8-73a1-4a3b-8aa2-6bd6f2437f13"},"BaseListaProjetos":{"tableName":"af21dad7-2d4e-4f41-99fb-3bbc913c2119"},"BaseListaPhases":{"tableName":"56654b66-28ea-4c97-a550-d7f48c23a116"},"BaseListaPhase":{"tableName":"97882a39-ef81-4ee6-81df-d3394c06015f"}}}},"apiTier":"Standard","isCustomApiConnection":false,"actions":["providers/PowerPlatform.Governance/Operations/Read","providers/PowerPlatform.Governance/Operations/Write"]},"bb7d9de9-a126-4f70-9324-5a4b7575a566":{"id":"b0fa1263-9b40-4bb0-b37c-d159a7317d27","displayName":"Usuários do Office 365","iconUri":"https://connectoricons-prod.azureedge.net/u/laborbol/releases/ase-v3/1.0.1622.3202/office365users/icon.png","dataSources":["UsuáriosdoOffice365"],"dependencies":[],"dependents":[],"parameterHints":{},"parameterHintsV2":{},"isOnPremiseConnection":false,"bypassConsent":false,"dataSets":{},"apiTier":"Standard","isCustomApiConnection":false,"actions":["SearchUser"]}},"databaseReferences":{},"almMode":"Environment","performanceOptimizationEnabled":true,"canConsumeAppPass":true,"enableModernRuntimeMode":false,"executionRestrictions":{"isTeamsOnly":false,"dataLossPreventionEvaluationResult":{"status":"Compliant","lastEvaluationDate":"2023-04-10T11:36:00.8873945Z","violations":[],"violationsByPolicy":[],"violationErrorMessage":"O aplicativo usa os seguintes conectores: shared_logicflows, shared_powerbi, shared_sharepointonline, shared_office365users."},"httpActionRestriction":{"appUsesSharepointHttpAction":false,"enforcementStrategy":"Legacy","evaluationTime":"2023-04-10T11:36:00.887319Z"}}},"appType":"ClassicCanvasApp","appComponents":[]}}